<?xml version="1.0"?>
<doc>
    <assembly>
        <name>安装程序</name>
    </assembly>
    <members>
        <member name="F:bandizip安装程序.Form1.components">
            <summary>
            必需的设计器变量。
            </summary>
        </member>
        <member name="M:bandizip安装程序.Form1.Dispose(System.Boolean)">
            <summary>
            清理所有正在使用的资源。
            </summary>
            <param name="disposing">如果应释放托管资源，为 true；否则为 false。</param>
        </member>
        <member name="M:bandizip安装程序.Form1.InitializeComponent">
            <summary>
            设计器支持所需的方法 - 不要修改
            使用代码编辑器修改此方法的内容。
            </summary>
        </member>
        <member name="F:bandizip安装程序.Form2.components">
            <summary>
            Required designer variable.
            </summary>
        </member>
        <member name="M:bandizip安装程序.Form2.Dispose(System.Boolean)">
            <summary>
            Clean up any resources being used.
            </summary>
            <param name="disposing">true if managed resources should be disposed; otherwise, false.</param>
        </member>
        <member name="M:bandizip安装程序.Form2.InitializeComponent">
            <summary>
            Required method for Designer support - do not modify
            the contents of this method with the code editor.
            </summary>
        </member>
        <member name="M:bandizip安装程序.Program.Main">
            <summary>
            应用程序的主入口点。
            </summary>
        </member>
        <member name="T:安装程序.Properties.Resources">
            <summary>
              一个强类型的资源类，用于查找本地化的字符串等。
            </summary>
        </member>
        <member name="P:安装程序.Properties.Resources.ResourceManager">
            <summary>
              返回此类使用的缓存的 ResourceManager 实例。
            </summary>
        </member>
        <member name="P:安装程序.Properties.Resources.Culture">
            <summary>
              重写当前线程的 CurrentUICulture 属性
              重写当前线程的 CurrentUICulture 属性。
            </summary>
        </member>
    </members>
</doc>
